Experiment,Accuracy
Experiment 1,0.9825000166893005
Experiment 2,0.9775000214576721
Experiment 3,0.9775000214576721
