Experiment,Accuracy
Experiment 1,0.9825000166893005
Experiment 2,0.9850000143051147
Experiment 3,0.9725000262260437
